Title,Event By,Event,Date
Vizcom,Mahajan,dataroom view,05/02/2025 10:41 GST
2.4.0.1 Data Bleanding File One.xlsx,Mahajan,file view,04/02/2025 21:39 GST
2.4.0.1 Data Bleanding File One.xlsx,Mahajan,file view,04/02/2025 18:39 GST
Vizcom,Mahajan,dataroom view,04/02/2025 18:39 GST
Vizcom,Mahajan,dataroom view,04/02/2025 18:38 GST
Vizcom,Mahajan,dataroom view,04/02/2025 13:28 GST
2.4.0.1 Data Bleanding File One.xlsx,Mahajan,file view,04/02/2025 11:54 GST
Vizcom,Mahajan,dataroom view,04/02/2025 11:54 GST
2.4.0.1 Data Bleanding File One.xlsx,Mahajan,file view,04/02/2025 11:24 GST
2.4.0.1 Data Bleanding File One.xlsx,Mahajan,file view,04/02/2025 11:14 GST
Vizcom,Mahajan,dataroom view,04/02/2025 11:14 GST
IMG-20241024-WA0440.jpg,Mahajan,file view,04/02/2025 10:56 GST
1.0.15 4.0.3_4.0.2_file-sample_1MB__(2).doc,Mahajan,file view,04/02/2025 10:56 GST
IMG-20241024-WA0437.jpg,Mahajan,file view,04/02/2025 10:56 GST
file-sample_500kB.doc,Mahajan,file view,04/02/2025 10:56 GST
IMG-20241024-WA0440.jpg,Mahajan,file view,04/02/2025 10:56 GST
IMG-20241024-WA0439.jpg,Mahajan,file view,04/02/2025 10:55 GST
Vizcom,Mahajan,dataroom view,04/02/2025 10:55 GST
IMG-20241024-WA0440.jpg,Mahajan,file view,04/02/2025 10:54 GST
file-sample_500kB.doc,Mahajan,file view,04/02/2025 10:54 GST
Vizcom,Mahajan,dataroom view,04/02/2025 10:53 GST
Vizcom,Mahajan,dataroom view,04/02/2025 10:53 GST
1.0.15 4.0.3_4.0.2_file-sample_1MB__(2).doc,Mahajan,file view,04/02/2025 10:42 GST
Vizcom,Mahajan,dataroom view,04/02/2025 10:42 GST
1.0.15 4.0.3_4.0.2_file-sample_1MB__(2).doc,Mahajan,file view,03/02/2025 14:56 GST
IMG-20241024-WA0437.jpg,Mahajan,file view,03/02/2025 14:56 GST
Vizcom,Mahajan,dataroom view,03/02/2025 14:44 GST
Vizcom,Mahajan,dataroom view,01/02/2025 09:22 GST
file-sample_500kB.doc,Mahajan,file view,31/01/2025 18:59 GST
IMG-20241024-WA0440.jpg,Mahajan,file view,31/01/2025 18:58 GST
1.0.15 4.0.3_4.0.2_file-sample_1MB__(2).doc,Mahajan,file view,31/01/2025 18:58 GST
IMG-20241024-WA0439.jpg,Mahajan,file view,31/01/2025 18:57 GST
IMG-20241024-WA0437.jpg,Mahajan,file view,31/01/2025 18:56 GST
IMG-20241024-WA0438.jpg,Mahajan,file view,31/01/2025 18:56 GST
Vizcom,Mahajan,dataroom view,31/01/2025 18:55 GST
Vizcom,Mahajan,dataroom view,31/01/2025 10:38 GST
Vizcom,Mahajan,dataroom view,31/01/2025 10:37 GST
